p0,p1,p2,p3,p4,p5,p6,p7,p8,objective,elapsed_sec
5,20,#pragma clang loop unrolling full, ,2,2,160,compact,threads,2.65,49.96387004852295
7,200,#pragma clang loop unrolling full,#pragma omp parallel for,4,32,10,scatter,sockets,2.697,93.95980596542358
6,20,#pragma clang loop unrolling full, ,4,2,160,balanced,threads,2.506,139.9582211971283
5,20,#pragma clang loop unrolling full,#pragma omp parallel for,32,32,64,compact,sockets,2.593,182.21677708625793
7,40,#pragma clang loop unrolling full,#pragma omp parallel for,8,256,80,compact,sockets,2.618,224.0818910598755
4,128,#pragma clang loop unrolling full,#pragma omp parallel for,64,4,128,scatter,sockets,4.75,268.12426114082336
8,20, ,#pragma omp parallel for,96,16,80,scatter,threads,3.117,311.96040511131287
6,20,#pragma clang loop unrolling full, ,8,32,80,compact,cores,2.755,356.21651101112366
8,160,#pragma clang loop unrolling full,#pragma omp parallel for,128,16,40,balanced,sockets,2.658,398.43199014663696
8,20,#pragma clang loop unrolling full, ,256,96,100,compact,sockets,2.907,442.22159004211426
