{
    "{\"p0\": \"4\", \"p1\": \"128\", \"p2\": \"#pragma clang loop unrolling full\", \"p3\": \"#pragma omp parallel for\", \"p4\": \"64\", \"p5\": \"4\", \"p6\": \"128\", \"p7\": \"scatter\", \"p8\": \"sockets\"}": 4.75,
    "{\"p0\": \"5\", \"p1\": \"20\", \"p2\": \"#pragma clang loop unrolling full\", \"p3\": \" \", \"p4\": \"2\", \"p5\": \"2\", \"p6\": \"160\", \"p7\": \"compact\", \"p8\": \"threads\"}": 2.65,
    "{\"p0\": \"5\", \"p1\": \"20\", \"p2\": \"#pragma clang loop unrolling full\", \"p3\": \"#pragma omp parallel for\", \"p4\": \"32\", \"p5\": \"32\", \"p6\": \"64\", \"p7\": \"compact\", \"p8\": \"sockets\"}": 2.593,
    "{\"p0\": \"6\", \"p1\": \"20\", \"p2\": \"#pragma clang loop unrolling full\", \"p3\": \" \", \"p4\": \"4\", \"p5\": \"2\", \"p6\": \"160\", \"p7\": \"balanced\", \"p8\": \"threads\"}": 2.506,
    "{\"p0\": \"6\", \"p1\": \"20\", \"p2\": \"#pragma clang loop unrolling full\", \"p3\": \" \", \"p4\": \"8\", \"p5\": \"32\", \"p6\": \"80\", \"p7\": \"compact\", \"p8\": \"cores\"}": 2.755,
    "{\"p0\": \"7\", \"p1\": \"200\", \"p2\": \"#pragma clang loop unrolling full\", \"p3\": \"#pragma omp parallel for\", \"p4\": \"4\", \"p5\": \"32\", \"p6\": \"10\", \"p7\": \"scatter\", \"p8\": \"sockets\"}": 2.697,
    "{\"p0\": \"7\", \"p1\": \"40\", \"p2\": \"#pragma clang loop unrolling full\", \"p3\": \"#pragma omp parallel for\", \"p4\": \"8\", \"p5\": \"256\", \"p6\": \"80\", \"p7\": \"compact\", \"p8\": \"sockets\"}": 2.618,
    "{\"p0\": \"8\", \"p1\": \"160\", \"p2\": \"#pragma clang loop unrolling full\", \"p3\": \"#pragma omp parallel for\", \"p4\": \"128\", \"p5\": \"16\", \"p6\": \"40\", \"p7\": \"balanced\", \"p8\": \"sockets\"}": 2.658,
    "{\"p0\": \"8\", \"p1\": \"20\", \"p2\": \" \", \"p3\": \"#pragma omp parallel for\", \"p4\": \"96\", \"p5\": \"16\", \"p6\": \"80\", \"p7\": \"scatter\", \"p8\": \"threads\"}": 3.117,
    "{\"p0\": \"8\", \"p1\": \"20\", \"p2\": \"#pragma clang loop unrolling full\", \"p3\": \" \", \"p4\": \"256\", \"p5\": \"96\", \"p6\": \"100\", \"p7\": \"compact\", \"p8\": \"sockets\"}": 2.907
}