{
    "{\"p0\": \"4\", \"p1\": \"2000\", \"p2\": \"#pragma clang loop unrolling full\", \"p3\": \" \", \"p4\": \"4\", \"p5\": \"16\", \"p6\": \"100\", \"p7\": \"explicit\", \"p8\": \"threads\"}": 71.198,
    "{\"p0\": \"4\", \"p1\": \"400\", \"p2\": \" \", \"p3\": \" \", \"p4\": \"4\", \"p5\": \"4\", \"p6\": \"100\", \"p7\": \"explicit\", \"p8\": \"threads\"}": 66.842,
    "{\"p0\": \"6\", \"p1\": \"2000\", \"p2\": \" \", \"p3\": \"#pragma omp parallel for\", \"p4\": \"128\", \"p5\": \"128\", \"p6\": \"64\", \"p7\": \"none\", \"p8\": \"cores\"}": 50.292,
    "{\"p0\": \"6\", \"p1\": \"400\", \"p2\": \"#pragma clang loop unrolling full\", \"p3\": \" \", \"p4\": \"4\", \"p5\": \"16\", \"p6\": \"80\", \"p7\": \"explicit\", \"p8\": \"threads\"}": 51.767,
    "{\"p0\": \"7\", \"p1\": \"400\", \"p2\": \"#pragma clang loop unrolling full\", \"p3\": \" \", \"p4\": \"4\", \"p5\": \"16\", \"p6\": \"100\", \"p7\": \"explicit\", \"p8\": \"threads\"}": 48.865
}